"[D@6973bf95","[D@2ddc8ecb","[D@229d10bd","[D@47542153"
"[D@33afa13b","[D@7a4ccb53","[D@309e345f","[D@56a6d5a6"
"[D@18ce0030","[D@4445629","[D@45b9a632","[D@25d250c6"
"[D@4df50bcc","[D@6b26e945","[D@63a65a25","[D@54c562f7"
"[D@318ba8c8","[D@6dbb137d","[D@3c9d0b9d","[D@43301423"
"[D@2f112965","[D@1a04f701","[D@4e91d63f","[D@d4342c2"
"[D@2bbf180e","[D@163e4e87","[D@56de5251","[D@419c5f1a"
"[D@12b0404f","[D@769e7ee8","[D@5276e6b0","[D@71b1176b"
"[D@6193932a","[D@647fd8ce","[D@159f197","[D@78aab498"
"[D@5dd6264","[D@1ffe63b9","[D@51e5fc98","[D@7c469c48"
"[D@12e61fe6","[D@7ee955a8","[D@1677d1","[D@48fa0f47"
"[D@6ac13091","[D@5e316c74","[D@6d2a209c","[D@75329a49"
"[D@161479c6","[D@4313f5bc","[D@7f010382","[D@1e802ef9"
"[D@2b6faea6","[D@778d1062","[D@670002","[D@1f0f1111"
"[D@49c386c8","[D@56528192","[D@6e0dec4a","[D@96def03"
"[D@5ccddd20","[D@1ed1993a","[D@1f3f4916","[D@794cb805"
"[D@4b5a5ed1","[D@59d016c9","[D@3cc2931c","[D@20d28811"
"[D@3967e60c","[D@60d8c9b7","[D@48aaecc3","[D@7c0c77c7"
"[D@7adda9cc","[D@5cee5251","[D@433d61fb","[D@5c909414"
"[D@4b14c583","[D@65466a6a","[D@4ddced80","[D@1534f01b"
"[D@78e117e3","[D@2ea227af","[D@4386f16","[D@363ee3a2"
"[D@4690b489","[D@79b06cab","[D@3eb7fc54","[D@7f552bd3"
"[D@3c22fc4c","[D@460d0a57","[D@47d90b9e","[D@1184ab05"
"[D@3aefe5e5","[D@149e0f5d","[D@1b1473ab","[D@2f7c2f4f"
"[D@6af93788","[D@ef9296d","[D@36c88a32","[D@7880cdf3"
"[D@5be6e01c","[D@1c93084c","[D@6ef888f6","[D@10e92f8f"
"[D@7ce3cb8e","[D@78b66d36","[D@5223e5ee","[D@bef2d72"
"[D@69b2283a","[D@22a637e7","[D@6fe7aac8","[D@1d119efb"
"[D@659a969b","[D@76908cc0","[D@2473d930","[D@35047d03"
"[D@49b0b76","[D@769f71a9","[D@4c9f8c13","[D@5ae50ce6"
"[D@6f96c77","[D@be64738","[D@3ba9ad43","[D@49d904ec"
"[D@48e4374","[D@3d680b5a","[D@4b5d6a01","[D@4a22f9e2"
"[D@3c419631","[D@418e7838","[D@61230f6a","[D@3c130745"
"[D@cd3fee8","[D@3e2e18f2","[D@470f1802","[D@63021689"
"[D@703580bf","[D@3e92efc3","[D@1622f1b","[D@72a7c7e0"
"[D@2e4b8173","[D@70e8f8e","[D@17046283","[D@5bd03f44"
"[D@29626d54","[D@5a63f509","[D@6e4784bc","[D@34b7ac2f"
"[D@e056f20","[D@4b0b0854","[D@19bb07ed","[D@10e41621"
"[D@353d0772","[D@2667f029","[D@67a20f67","[D@57c758ac"
"[D@a9cd3b1","[D@13e39c73","[D@64cd705f","[D@9225652"
"[D@654f0d9c","[D@6a400542","[D@6580cfdd","[D@7e0b85f9"
"[D@63355449","[D@9353778","[D@6a28ffa4","[D@48ae9b55"
"[D@1700915","[D@21de60b4","[D@c267ef4","[D@30ee2816"
"[D@31d7b7bf","[D@635eaaf1","[D@5c30a9b0","[D@1ddf84b8"
"[D@1139b2f3","[D@7a69b07","[D@5e82df6a","[D@3f197a46"
"[D@636be97c","[D@50a638b5","[D@1817d444","[D@6ca8564a"
"[D@50b472aa","[D@31368b99","[D@1725dc0f","[D@3911c2a7"
"[D@4ac3c60d","[D@4facf68f","[D@76508ed1","[D@41e36e46"
"[D@15c43bd9","[D@3d74bf60","[D@4f209819","[D@15eb5ee5"
"[D@2145b572","[D@39529185","[D@72f926e6","[D@3daa422a"
"[D@31c88ec8","[D@1cbbffcd","[D@27ce24aa","[D@481a996b"
"[D@3d51f06e","[D@7ed7259e","[D@28eaa59a","[D@3427b02d"
"[D@647e447","[D@41fbdac4","[D@3c407114","[D@35ef1869"
"[D@c33b74f","[D@130161f7","[D@2c767a52","[D@619713e5"
"[D@708f5957","[D@68999068","[D@7722c3c3","[D@2ef3eef9"
"[D@243c4f91","[D@291ae","[D@61df66b6","[D@50eac852"
"[D@16ec5519","[D@2f7298b","[D@188715b5","[D@1ea9f6af"
"[D@6a192cfe","[D@5119fb47","[D@7193666c","[D@20deea7f"
"[D@3835c46","[D@1dde4cb2","[D@7714e963","[D@20ce78ec"
"[D@393671df","[D@56620197","[D@6eda5c9","[D@55b7a4e0"
"[D@5f058f00","[D@192d43ce","[D@72057ecf","[D@1afd44cb"
"[D@6973b51b","[D@1ab3a8c8","[D@43195e57","[D@333291e3"
"[D@479d31f3","[D@40ef3420","[D@498d318c","[D@6e171cd7"
"[D@402bba4f","[D@795cd85e","[D@59fd97a8","[D@f5ac9e4"
"[D@123ef382","[D@dbf57b3","[D@384ad17b","[D@61862a7f"
"[D@441772e","[D@7334aada","[D@1d9b7cce","[D@4d9e68d0"
"[D@42e99e4a","[D@14dd9eb7","[D@52e6fdee","[D@6c80d78a"
"[D@62150f9e","[D@1a451d4d","[D@7fa98a66","[D@15ff3e9e"
"[D@5fdcaa40","[D@6dc17b83","[D@5e0826e7","[D@32eff876"
"[D@8dbdac1","[D@6e20b53a","[D@71809907","[D@3ce1e309"
"[D@6aba2b86","[D@158da8e","[D@74e52303","[D@47af7f3d"
"[D@7c729a55","[D@3bb9a3ff","[D@661972b0","[D@5af3afd9"
"[D@323b36e0","[D@44ebcd03","[D@694abbdc","[D@2e005c4b"
"[D@4567f35d","[D@5ffead27","[D@6356695f","[D@4f18837a"
"[D@359f7cdf","[D@1fa268de","[D@4f6ee6e4","[D@4466af20"
"[D@a514af7","[D@6b927fb","[D@3e58a80e","[D@4fb61f4a"
"[D@4fb0f2b9","[D@79924b","[D@7b9a4292","[D@4a94ee4"
"[D@4cc451f2","[D@6379eb","[D@294425a7","[D@67d48005"
"[D@9f116cc","[D@12468a38","[D@1aa7ecca","[D@59309333"
"[D@5876a9af","[D@7ec7ffd3","[D@5b239d7d","[D@6572421"
"[D@6b81ce95","[D@2a798d51","[D@6d763516","[D@52bf72b5"
"[D@37afeb11","[D@515aebb0","[D@dd8ba08","[D@245b4bdc"
"[D@6c64cb25","[D@6ae5aa72","[D@222545dc","[D@5c5eefef"
"[D@16293aa2","[D@5158b42f","[D@595b007d","[D@72d1ad2e"
"[D@2d7275fc","[D@399f45b1","[D@38c6f217","[D@478190fc"
"[D@79e2c065","[D@3a93b025","[D@35cabb2a","[D@7e07db1f"
"[D@1189dd52","[D@36bc55de","[D@564fabc8","[D@16d04d3d"
"[D@49ec71f8","[D@1d2adfbe","[D@36902638","[D@223d2c72"
"[D@8f4ea7c","[D@436813f3","[D@74fe5c40","[D@3febb011"
"[D@10e31a9a","[D@131774fe","[D@158d2680","[D@77847718"
"[D@7f3b84b8","[D@57a3af25","[D@2b662a77","[D@7f0eb4b4"
"[D@5c33f1a9","[D@1623b78d","[D@c8c12ac","[D@6adbc9d"
"[D@4550bb58","[D@4ec4f3a0","[D@223191a6","[D@49139829"
"[D@9597028","[D@6069db50","[D@4efbca5a","[D@1b7cc17c"
"[D@59662a0b","[D@77fbd92c","[D@67c27493","[D@1a482e36"
"[D@72967906","[D@5b8dfcc1","[D@2f9f7dcf","[D@747ddf94"
"[D@35e2d654","[D@1bd4fdd","[D@55183b20","[D@4f83df68"
"[D@6cf0e0ba","[D@7d8995e","[D@130d63be","[D@42a48628"
"[D@293a5bf6","[D@6aeb35e6","[D@1283bb96","[D@74f0ea28"
"[D@f6efaab","[D@3c19aaa5","[D@3349e9bb","[D@409bf450"
